symbol,industry_code,industry_name,source,fetched_date
ABR,6,Công nghệ và thông tin,vnstock.Listing().symbols_by_industries() (ICB); vnstock 4.0.5,2026-08-29
ADC,6,Công nghệ và thông tin,vnstock.Listing().symbols_by_industries() (ICB); vnstock 4.0.5,2026-08-29
BED,6,Công nghệ và thông tin,vnstock.Listing().symbols_by_industries() (ICB); vnstock 4.0.5,2026-08-29
CKV,6,Công nghệ và thông tin,vnstock.Listing().symbols_by_industries() (ICB); vnstock 4.0.5,2026-08-29
CMG,6,Công nghệ và thông tin,vnstock.Listing().symbols_by_industries() (ICB); vnstock 4.0.5,2026-08-29
CTR,6,Công nghệ và thông tin,vnstock.Listing().symbols_by_industries() (ICB); vnstock 4.0.5,2026-08-29
DAD,6,Công nghệ và thông tin,vnstock.Listing().symbols_by_industries() (ICB); vnstock 4.0.5,2026-08-29
DAE,6,Công nghệ và thông tin,vnstock.Listing().symbols_by_industries() (ICB); vnstock 4.0.5,2026-08-29
DST,6,Công nghệ và thông tin,vnstock.Listing().symbols_by_industries() (ICB); vnstock 4.0.5,2026-08-29
EBS,6,Công nghệ và thông tin,vnstock.Listing().symbols_by_industries() (ICB); vnstock 4.0.5,2026-08-29
ECI,6,Công nghệ và thông tin,vnstock.Listing().symbols_by_industries() (ICB); vnstock 4.0.5,2026-08-29
EID,6,Công nghệ và thông tin,vnstock.Listing().symbols_by_industries() (ICB); vnstock 4.0.5,2026-08-29
ELC,6,Công nghệ và thông tin,vnstock.Listing().symbols_by_industries() (ICB); vnstock 4.0.5,2026-08-29
FPT,6,Công nghệ và thông tin,vnstock.Listing().symbols_by_industries() (ICB); vnstock 4.0.5,2026-08-29
GLT,6,Công nghệ và thông tin,vnstock.Listing().symbols_by_industries() (ICB); vnstock 4.0.5,2026-08-29
HEV,6,Công nghệ và thông tin,vnstock.Listing().symbols_by_industries() (ICB); vnstock 4.0.5,2026-08-29
ICT,6,Công nghệ và thông tin,vnstock.Listing().symbols_by_industries() (ICB); vnstock 4.0.5,2026-08-29
ITD,6,Công nghệ và thông tin,vnstock.Listing().symbols_by_industries() (ICB); vnstock 4.0.5,2026-08-29
KST,6,Công nghệ và thông tin,vnstock.Listing().symbols_by_industries() (ICB); vnstock 4.0.5,2026-08-29
LBE,6,Công nghệ và thông tin,vnstock.Listing().symbols_by_industries() (ICB); vnstock 4.0.5,2026-08-29
ONE,6,Công nghệ và thông tin,vnstock.Listing().symbols_by_industries() (ICB); vnstock 4.0.5,2026-08-29
PIA,6,Công nghệ và thông tin,vnstock.Listing().symbols_by_industries() (ICB); vnstock 4.0.5,2026-08-29
QST,6,Công nghệ và thông tin,vnstock.Listing().symbols_by_industries() (ICB); vnstock 4.0.5,2026-08-29
SED,6,Công nghệ và thông tin,vnstock.Listing().symbols_by_industries() (ICB); vnstock 4.0.5,2026-08-29
SGD,6,Công nghệ và thông tin,vnstock.Listing().symbols_by_industries() (ICB); vnstock 4.0.5,2026-08-29
SGT,6,Công nghệ và thông tin,vnstock.Listing().symbols_by_industries() (ICB); vnstock 4.0.5,2026-08-29
SMN,6,Công nghệ và thông tin,vnstock.Listing().symbols_by_industries() (ICB); vnstock 4.0.5,2026-08-29
STC,6,Công nghệ và thông tin,vnstock.Listing().symbols_by_industries() (ICB); vnstock 4.0.5,2026-08-29
VTC,6,Công nghệ và thông tin,vnstock.Listing().symbols_by_industries() (ICB); vnstock 4.0.5,2026-08-29
DHP,27,Thiết bị điện,vnstock.Listing().symbols_by_industries() (ICB); vnstock 4.0.5,2026-08-29
DQC,27,Thiết bị điện,vnstock.Listing().symbols_by_industries() (ICB); vnstock 4.0.5,2026-08-29
GEE,27,Thiết bị điện,vnstock.Listing().symbols_by_industries() (ICB); vnstock 4.0.5,2026-08-29
GEX,27,Thiết bị điện,vnstock.Listing().symbols_by_industries() (ICB); vnstock 4.0.5,2026-08-29
KSD,27,Thiết bị điện,vnstock.Listing().symbols_by_industries() (ICB); vnstock 4.0.5,2026-08-29
MBG,27,Thiết bị điện,vnstock.Listing().symbols_by_industries() (ICB); vnstock 4.0.5,2026-08-29
PAC,27,Thiết bị điện,vnstock.Listing().symbols_by_industries() (ICB); vnstock 4.0.5,2026-08-29
PHN,27,Thiết bị điện,vnstock.Listing().symbols_by_industries() (ICB); vnstock 4.0.5,2026-08-29
POT,27,Thiết bị điện,vnstock.Listing().symbols_by_industries() (ICB); vnstock 4.0.5,2026-08-29
RAL,27,Thiết bị điện,vnstock.Listing().symbols_by_industries() (ICB); vnstock 4.0.5,2026-08-29
SAM,27,Thiết bị điện,vnstock.Listing().symbols_by_industries() (ICB); vnstock 4.0.5,2026-08-29
TSB,27,Thiết bị điện,vnstock.Listing().symbols_by_industries() (ICB); vnstock 4.0.5,2026-08-29
TYA,27,Thiết bị điện,vnstock.Listing().symbols_by_industries() (ICB); vnstock 4.0.5,2026-08-29
VTB,27,Thiết bị điện,vnstock.Listing().symbols_by_industries() (ICB); vnstock 4.0.5,2026-08-29
VTH,27,Thiết bị điện,vnstock.Listing().symbols_by_industries() (ICB); vnstock 4.0.5,2026-08-29
INC,28,"Dịch vụ tư vấn, hỗ trợ",vnstock.Listing().symbols_by_industries() (ICB); vnstock 4.0.5,2026-08-29
PPE,28,"Dịch vụ tư vấn, hỗ trợ",vnstock.Listing().symbols_by_industries() (ICB); vnstock 4.0.5,2026-08-29
SDC,28,"Dịch vụ tư vấn, hỗ trợ",vnstock.Listing().symbols_by_industries() (ICB); vnstock 4.0.5,2026-08-29
TV2,28,"Dịch vụ tư vấn, hỗ trợ",vnstock.Listing().symbols_by_industries() (ICB); vnstock 4.0.5,2026-08-29
TV3,28,"Dịch vụ tư vấn, hỗ trợ",vnstock.Listing().symbols_by_industries() (ICB); vnstock 4.0.5,2026-08-29
TV4,28,"Dịch vụ tư vấn, hỗ trợ",vnstock.Listing().symbols_by_industries() (ICB); vnstock 4.0.5,2026-08-29
VNC,28,"Dịch vụ tư vấn, hỗ trợ",vnstock.Listing().symbols_by_industries() (ICB); vnstock 4.0.5,2026-08-29
AME,24,Xây dựng,vnstock.Listing().symbols_by_industries() (ICB); vnstock 4.0.5,2026-08-29
C47,24,Xây dựng,vnstock.Listing().symbols_by_industries() (ICB); vnstock 4.0.5,2026-08-29
C69,24,Xây dựng,vnstock.Listing().symbols_by_industries() (ICB); vnstock 4.0.5,2026-08-29
CCC,24,Xây dựng,vnstock.Listing().symbols_by_industries() (ICB); vnstock 4.0.5,2026-08-29
CII,24,Xây dựng,vnstock.Listing().symbols_by_industries() (ICB); vnstock 4.0.5,2026-08-29
CMS,24,Xây dựng,vnstock.Listing().symbols_by_industries() (ICB); vnstock 4.0.5,2026-08-29
CTD,24,Xây dựng,vnstock.Listing().symbols_by_industries() (ICB); vnstock 4.0.5,2026-08-29
CTI,24,Xây dựng,vnstock.Listing().symbols_by_industries() (ICB); vnstock 4.0.5,2026-08-29
CX8,24,Xây dựng,vnstock.Listing().symbols_by_industries() (ICB); vnstock 4.0.5,2026-08-29
DC2,24,Xây dựng,vnstock.Listing().symbols_by_industries() (ICB); vnstock 4.0.5,2026-08-29
DC4,24,Xây dựng,vnstock.Listing().symbols_by_industries() (ICB); vnstock 4.0.5,2026-08-29
DIH,24,Xây dựng,vnstock.Listing().symbols_by_industries() (ICB); vnstock 4.0.5,2026-08-29
DPG,24,Xây dựng,vnstock.Listing().symbols_by_industries() (ICB); vnstock 4.0.5,2026-08-29
FCN,24,Xây dựng,vnstock.Listing().symbols_by_industries() (ICB); vnstock 4.0.5,2026-08-29
HAS,24,Xây dựng,vnstock.Listing().symbols_by_industries() (ICB); vnstock 4.0.5,2026-08-29
HHV,24,Xây dựng,vnstock.Listing().symbols_by_industries() (ICB); vnstock 4.0.5,2026-08-29
HTI,24,Xây dựng,vnstock.Listing().symbols_by_industries() (ICB); vnstock 4.0.5,2026-08-29
HTN,24,Xây dựng,vnstock.Listing().symbols_by_industries() (ICB); vnstock 4.0.5,2026-08-29
HUB,24,Xây dựng,vnstock.Listing().symbols_by_industries() (ICB); vnstock 4.0.5,2026-08-29
HUT,24,Xây dựng,vnstock.Listing().symbols_by_industries() (ICB); vnstock 4.0.5,2026-08-29
HVH,24,Xây dựng,vnstock.Listing().symbols_by_industries() (ICB); vnstock 4.0.5,2026-08-29
L10,24,Xây dựng,vnstock.Listing().symbols_by_industries() (ICB); vnstock 4.0.5,2026-08-29
L18,24,Xây dựng,vnstock.Listing().symbols_by_industries() (ICB); vnstock 4.0.5,2026-08-29
L40,24,Xây dựng,vnstock.Listing().symbols_by_industries() (ICB); vnstock 4.0.5,2026-08-29
LCD,24,Xây dựng,vnstock.Listing().symbols_by_industries() (ICB); vnstock 4.0.5,2026-08-29
LCG,24,Xây dựng,vnstock.Listing().symbols_by_industries() (ICB); vnstock 4.0.5,2026-08-29
LGC,24,Xây dựng,vnstock.Listing().symbols_by_industries() (ICB); vnstock 4.0.5,2026-08-29
LHC,24,Xây dựng,vnstock.Listing().symbols_by_industries() (ICB); vnstock 4.0.5,2026-08-29
LIG,24,Xây dựng,vnstock.Listing().symbols_by_industries() (ICB); vnstock 4.0.5,2026-08-29
LM8,24,Xây dựng,vnstock.Listing().symbols_by_industries() (ICB); vnstock 4.0.5,2026-08-29
MCO,24,Xây dựng,vnstock.Listing().symbols_by_industries() (ICB); vnstock 4.0.5,2026-08-29
MST,24,Xây dựng,vnstock.Listing().symbols_by_industries() (ICB); vnstock 4.0.5,2026-08-29
NDX,24,Xây dựng,vnstock.Listing().symbols_by_industries() (ICB); vnstock 4.0.5,2026-08-29
PC1,24,Xây dựng,vnstock.Listing().symbols_by_industries() (ICB); vnstock 4.0.5,2026-08-29
PEN,24,Xây dựng,vnstock.Listing().symbols_by_industries() (ICB); vnstock 4.0.5,2026-08-29
PHC,24,Xây dựng,vnstock.Listing().symbols_by_industries() (ICB); vnstock 4.0.5,2026-08-29
PPS,24,Xây dựng,vnstock.Listing().symbols_by_industries() (ICB); vnstock 4.0.5,2026-08-29
PTC,24,Xây dựng,vnstock.Listing().symbols_by_industries() (ICB); vnstock 4.0.5,2026-08-29
PTD,24,Xây dựng,vnstock.Listing().symbols_by_industries() (ICB); vnstock 4.0.5,2026-08-29
QTC,24,Xây dựng,vnstock.Listing().symbols_by_industries() (ICB); vnstock 4.0.5,2026-08-29
REE,24,Xây dựng,vnstock.Listing().symbols_by_industries() (ICB); vnstock 4.0.5,2026-08-29
S55,24,Xây dựng,vnstock.Listing().symbols_by_industries() (ICB); vnstock 4.0.5,2026-08-29
S99,24,Xây dựng,vnstock.Listing().symbols_by_industries() (ICB); vnstock 4.0.5,2026-08-29
SC5,24,Xây dựng,vnstock.Listing().symbols_by_industries() (ICB); vnstock 4.0.5,2026-08-29
SCG,24,Xây dựng,vnstock.Listing().symbols_by_industries() (ICB); vnstock 4.0.5,2026-08-29
SCI,24,Xây dựng,vnstock.Listing().symbols_by_industries() (ICB); vnstock 4.0.5,2026-08-29
SD5,24,Xây dựng,vnstock.Listing().symbols_by_industries() (ICB); vnstock 4.0.5,2026-08-29
SD9,24,Xây dựng,vnstock.Listing().symbols_by_industries() (ICB); vnstock 4.0.5,2026-08-29
SJE,24,Xây dựng,vnstock.Listing().symbols_by_industries() (ICB); vnstock 4.0.5,2026-08-29
SRF,24,Xây dựng,vnstock.Listing().symbols_by_industries() (ICB); vnstock 4.0.5,2026-08-29
TA9,24,Xây dựng,vnstock.Listing().symbols_by_industries() (ICB); vnstock 4.0.5,2026-08-29
THD,24,Xây dựng,vnstock.Listing().symbols_by_industries() (ICB); vnstock 4.0.5,2026-08-29
TSA,24,Xây dựng,vnstock.Listing().symbols_by_industries() (ICB); vnstock 4.0.5,2026-08-29
TTL,24,Xây dựng,vnstock.Listing().symbols_by_industries() (ICB); vnstock 4.0.5,2026-08-29
V12,24,Xây dựng,vnstock.Listing().symbols_by_industries() (ICB); vnstock 4.0.5,2026-08-29
VC1,24,Xây dựng,vnstock.Listing().symbols_by_industries() (ICB); vnstock 4.0.5,2026-08-29
VC2,24,Xây dựng,vnstock.Listing().symbols_by_industries() (ICB); vnstock 4.0.5,2026-08-29
VC6,24,Xây dựng,vnstock.Listing().symbols_by_industries() (ICB); vnstock 4.0.5,2026-08-29
VC9,24,Xây dựng,vnstock.Listing().symbols_by_industries() (ICB); vnstock 4.0.5,2026-08-29
VCC,24,Xây dựng,vnstock.Listing().symbols_by_industries() (ICB); vnstock 4.0.5,2026-08-29
VCG,24,Xây dựng,vnstock.Listing().symbols_by_industries() (ICB); vnstock 4.0.5,2026-08-29
VE1,24,Xây dựng,vnstock.Listing().symbols_by_industries() (ICB); vnstock 4.0.5,2026-08-29
VE3,24,Xây dựng,vnstock.Listing().symbols_by_industries() (ICB); vnstock 4.0.5,2026-08-29
VE4,24,Xây dựng,vnstock.Listing().symbols_by_industries() (ICB); vnstock 4.0.5,2026-08-29
VMC,24,Xây dựng,vnstock.Listing().symbols_by_industries() (ICB); vnstock 4.0.5,2026-08-29
VSI,24,Xây dựng,vnstock.Listing().symbols_by_industries() (ICB); vnstock 4.0.5,2026-08-29
ACB,11,Ngân hàng,vnstock.Listing().symbols_by_industries() (ICB); vnstock 4.0.5,2026-08-29
BAB,11,Ngân hàng,vnstock.Listing().symbols_by_industries() (ICB); vnstock 4.0.5,2026-08-29
BID,11,Ngân hàng,vnstock.Listing().symbols_by_industries() (ICB); vnstock 4.0.5,2026-08-29
BVB,11,Ngân hàng,vnstock.Listing().symbols_by_industries() (ICB); vnstock 4.0.5,2026-08-29
CTG,11,Ngân hàng,vnstock.Listing().symbols_by_industries() (ICB); vnstock 4.0.5,2026-08-29
EIB,11,Ngân hàng,vnstock.Listing().symbols_by_industries() (ICB); vnstock 4.0.5,2026-08-29
EVF,11,Ngân hàng,vnstock.Listing().symbols_by_industries() (ICB); vnstock 4.0.5,2026-08-29
HDB,11,Ngân hàng,vnstock.Listing().symbols_by_industries() (ICB); vnstock 4.0.5,2026-08-29
KLB,11,Ngân hàng,vnstock.Listing().symbols_by_industries() (ICB); vnstock 4.0.5,2026-08-29
LPB,11,Ngân hàng,vnstock.Listing().symbols_by_industries() (ICB); vnstock 4.0.5,2026-08-29
MBB,11,Ngân hàng,vnstock.Listing().symbols_by_industries() (ICB); vnstock 4.0.5,2026-08-29
MSB,11,Ngân hàng,vnstock.Listing().symbols_by_industries() (ICB); vnstock 4.0.5,2026-08-29
NAB,11,Ngân hàng,vnstock.Listing().symbols_by_industries() (ICB); vnstock 4.0.5,2026-08-29
NVB,11,Ngân hàng,vnstock.Listing().symbols_by_industries() (ICB); vnstock 4.0.5,2026-08-29
OCB,11,Ngân hàng,vnstock.Listing().symbols_by_industries() (ICB); vnstock 4.0.5,2026-08-29
SHB,11,Ngân hàng,vnstock.Listing().symbols_by_industries() (ICB); vnstock 4.0.5,2026-08-29
SSB,11,Ngân hàng,vnstock.Listing().symbols_by_industries() (ICB); vnstock 4.0.5,2026-08-29
STB,11,Ngân hàng,vnstock.Listing().symbols_by_industries() (ICB); vnstock 4.0.5,2026-08-29
TCB,11,Ngân hàng,vnstock.Listing().symbols_by_industries() (ICB); vnstock 4.0.5,2026-08-29
TPB,11,Ngân hàng,vnstock.Listing().symbols_by_industries() (ICB); vnstock 4.0.5,2026-08-29
VAB,11,Ngân hàng,vnstock.Listing().symbols_by_industries() (ICB); vnstock 4.0.5,2026-08-29
VBB,11,Ngân hàng,vnstock.Listing().symbols_by_industries() (ICB); vnstock 4.0.5,2026-08-29
VCB,11,Ngân hàng,vnstock.Listing().symbols_by_industries() (ICB); vnstock 4.0.5,2026-08-29
VIB,11,Ngân hàng,vnstock.Listing().symbols_by_industries() (ICB); vnstock 4.0.5,2026-08-29
VPB,11,Ngân hàng,vnstock.Listing().symbols_by_industries() (ICB); vnstock 4.0.5,2026-08-29
ACG,26,SX Phụ trợ,vnstock.Listing().symbols_by_industries() (ICB); vnstock 4.0.5,2026-08-29
AMV,26,SX Phụ trợ,vnstock.Listing().symbols_by_industries() (ICB); vnstock 4.0.5,2026-08-29
BKG,26,SX Phụ trợ,vnstock.Listing().symbols_by_industries() (ICB); vnstock 4.0.5,2026-08-29
BSR,26,SX Phụ trợ,vnstock.Listing().symbols_by_industries() (ICB); vnstock 4.0.5,2026-08-29
CAP,26,SX Phụ trợ,vnstock.Listing().symbols_by_industries() (ICB); vnstock 4.0.5,2026-08-29
CET,26,SX Phụ trợ,vnstock.Listing().symbols_by_industries() (ICB); vnstock 4.0.5,2026-08-29
DHC,26,SX Phụ trợ,vnstock.Listing().symbols_by_industries() (ICB); vnstock 4.0.5,2026-08-29
DLG,26,SX Phụ trợ,vnstock.Listing().symbols_by_industries() (ICB); vnstock 4.0.5,2026-08-29
GTA,26,SX Phụ trợ,vnstock.Listing().symbols_by_industries() (ICB); vnstock 4.0.5,2026-08-29
HAP,26,SX Phụ trợ,vnstock.Listing().symbols_by_industries() (ICB); vnstock 4.0.5,2026-08-29
HHP,26,SX Phụ trợ,vnstock.Listing().symbols_by_industries() (ICB); vnstock 4.0.5,2026-08-29
INN,26,SX Phụ trợ,vnstock.Listing().symbols_by_industries() (ICB); vnstock 4.0.5,2026-08-29
ITQ,26,SX Phụ trợ,vnstock.Listing().symbols_by_industries() (ICB); vnstock 4.0.5,2026-08-29
MCP,26,SX Phụ trợ,vnstock.Listing().symbols_by_industries() (ICB); vnstock 4.0.5,2026-08-29
MZG,26,SX Phụ trợ,vnstock.Listing().symbols_by_industries() (ICB); vnstock 4.0.5,2026-08-29
NHT,26,SX Phụ trợ,vnstock.Listing().symbols_by_industries() (ICB); vnstock 4.0.5,2026-08-29
PLC,26,SX Phụ trợ,vnstock.Listing().symbols_by_industries() (ICB); vnstock 4.0.5,2026-08-29
PMS,26,SX Phụ trợ,vnstock.Listing().symbols_by_industries() (ICB); vnstock 4.0.5,2026-08-29
PTB,26,SX Phụ trợ,vnstock.Listing().symbols_by_industries() (ICB); vnstock 4.0.5,2026-08-29
SBV,26,SX Phụ trợ,vnstock.Listing().symbols_by_industries() (ICB); vnstock 4.0.5,2026-08-29
SHI,26,SX Phụ trợ,vnstock.Listing().symbols_by_industries() (ICB); vnstock 4.0.5,2026-08-29
SMT,26,SX Phụ trợ,vnstock.Listing().symbols_by_industries() (ICB); vnstock 4.0.5,2026-08-29
SSM,26,SX Phụ trợ,vnstock.Listing().symbols_by_industries() (ICB); vnstock 4.0.5,2026-08-29
SVT,26,SX Phụ trợ,vnstock.Listing().symbols_by_industries() (ICB); vnstock 4.0.5,2026-08-29
TLD,26,SX Phụ trợ,vnstock.Listing().symbols_by_industries() (ICB); vnstock 4.0.5,2026-08-29
TLG,26,SX Phụ trợ,vnstock.Listing().symbols_by_industries() (ICB); vnstock 4.0.5,2026-08-29
TMT,26,SX Phụ trợ,vnstock.Listing().symbols_by_industries() (ICB); vnstock 4.0.5,2026-08-29
AAN,12,Nông - Lâm - Ngư,vnstock.Listing().symbols_by_industries() (ICB); vnstock 4.0.5,2026-08-29
CTP,12,Nông - Lâm - Ngư,vnstock.Listing().symbols_by_industries() (ICB); vnstock 4.0.5,2026-08-29
HAG,12,Nông - Lâm - Ngư,vnstock.Listing().symbols_by_industries() (ICB); vnstock 4.0.5,2026-08-29
HKT,12,Nông - Lâm - Ngư,vnstock.Listing().symbols_by_industries() (ICB); vnstock 4.0.5,2026-08-29
HPA,12,Nông - Lâm - Ngư,vnstock.Listing().symbols_by_industries() (ICB); vnstock 4.0.5,2026-08-29
HSL,12,Nông - Lâm - Ngư,vnstock.Listing().symbols_by_industries() (ICB); vnstock 4.0.5,2026-08-29
NSC,12,Nông - Lâm - Ngư,vnstock.Listing().symbols_by_industries() (ICB); vnstock 4.0.5,2026-08-29
SSC,12,Nông - Lâm - Ngư,vnstock.Listing().symbols_by_industries() (ICB); vnstock 4.0.5,2026-08-29
SVN,12,Nông - Lâm - Ngư,vnstock.Listing().symbols_by_industries() (ICB); vnstock 4.0.5,2026-08-29
VIF,12,Nông - Lâm - Ngư,vnstock.Listing().symbols_by_industries() (ICB); vnstock 4.0.5,2026-08-29
AMC,10,Khai khoáng,vnstock.Listing().symbols_by_industries() (ICB); vnstock 4.0.5,2026-08-29
BKC,10,Khai khoáng,vnstock.Listing().symbols_by_industries() (ICB); vnstock 4.0.5,2026-08-29
BMC,10,Khai khoáng,vnstock.Listing().symbols_by_industries() (ICB); vnstock 4.0.5,2026-08-29
C32,10,Khai khoáng,vnstock.Listing().symbols_by_industries() (ICB); vnstock 4.0.5,2026-08-29
CLM,10,Khai khoáng,vnstock.Listing().symbols_by_industries() (ICB); vnstock 4.0.5,2026-08-29
CST,10,Khai khoáng,vnstock.Listing().symbols_by_industries() (ICB); vnstock 4.0.5,2026-08-29
DHA,10,Khai khoáng,vnstock.Listing().symbols_by_industries() (ICB); vnstock 4.0.5,2026-08-29
DHM,10,Khai khoáng,vnstock.Listing().symbols_by_industries() (ICB); vnstock 4.0.5,2026-08-29
HGM,10,Khai khoáng,vnstock.Listing().symbols_by_industries() (ICB); vnstock 4.0.5,2026-08-29
HLC,10,Khai khoáng,vnstock.Listing().symbols_by_industries() (ICB); vnstock 4.0.5,2026-08-29
HMR,10,Khai khoáng,vnstock.Listing().symbols_by_industries() (ICB); vnstock 4.0.5,2026-08-29
KSB,10,Khai khoáng,vnstock.Listing().symbols_by_industries() (ICB); vnstock 4.0.5,2026-08-29
KSV,10,Khai khoáng,vnstock.Listing().symbols_by_industries() (ICB); vnstock 4.0.5,2026-08-29
MDC,10,Khai khoáng,vnstock.Listing().symbols_by_industries() (ICB); vnstock 4.0.5,2026-08-29
MDG,10,Khai khoáng,vnstock.Listing().symbols_by_industries() (ICB); vnstock 4.0.5,2026-08-29
MIC,10,Khai khoáng,vnstock.Listing().symbols_by_industries() (ICB); vnstock 4.0.5,2026-08-29
MVB,10,Khai khoáng,vnstock.Listing().symbols_by_industries() (ICB); vnstock 4.0.5,2026-08-29
NBC,10,Khai khoáng,vnstock.Listing().symbols_by_industries() (ICB); vnstock 4.0.5,2026-08-29
NNC,10,Khai khoáng,vnstock.Listing().symbols_by_industries() (ICB); vnstock 4.0.5,2026-08-29
PVB,10,Khai khoáng,vnstock.Listing().symbols_by_industries() (ICB); vnstock 4.0.5,2026-08-29
PVC,10,Khai khoáng,vnstock.Listing().symbols_by_industries() (ICB); vnstock 4.0.5,2026-08-29
PVD,10,Khai khoáng,vnstock.Listing().symbols_by_industries() (ICB); vnstock 4.0.5,2026-08-29
PVS,10,Khai khoáng,vnstock.Listing().symbols_by_industries() (ICB); vnstock 4.0.5,2026-08-29
TD6,10,Khai khoáng,vnstock.Listing().symbols_by_industries() (ICB); vnstock 4.0.5,2026-08-29
THT,10,Khai khoáng,vnstock.Listing().symbols_by_industries() (ICB); vnstock 4.0.5,2026-08-29
TMB,10,Khai khoáng,vnstock.Listing().symbols_by_industries() (ICB); vnstock 4.0.5,2026-08-29
TNT,10,Khai khoáng,vnstock.Listing().symbols_by_industries() (ICB); vnstock 4.0.5,2026-08-29
TVD,10,Khai khoáng,vnstock.Listing().symbols_by_industries() (ICB); vnstock 4.0.5,2026-08-29
DBD,8,Chăm sóc sức khỏe,vnstock.Listing().symbols_by_industries() (ICB); vnstock 4.0.5,2026-08-29
DBT,8,Chăm sóc sức khỏe,vnstock.Listing().symbols_by_industries() (ICB); vnstock 4.0.5,2026-08-29
DCL,8,Chăm sóc sức khỏe,vnstock.Listing().symbols_by_industries() (ICB); vnstock 4.0.5,2026-08-29
DHG,8,Chăm sóc sức khỏe,vnstock.Listing().symbols_by_industries() (ICB); vnstock 4.0.5,2026-08-29
DHT,8,Chăm sóc sức khỏe,vnstock.Listing().symbols_by_industries() (ICB); vnstock 4.0.5,2026-08-29
DMC,8,Chăm sóc sức khỏe,vnstock.Listing().symbols_by_industries() (ICB); vnstock 4.0.5,2026-08-29
DP3,8,Chăm sóc sức khỏe,vnstock.Listing().symbols_by_industries() (ICB); vnstock 4.0.5,2026-08-29
DTG,8,Chăm sóc sức khỏe,vnstock.Listing().symbols_by_industries() (ICB); vnstock 4.0.5,2026-08-29
DVM,8,Chăm sóc sức khỏe,vnstock.Listing().symbols_by_industries() (ICB); vnstock 4.0.5,2026-08-29
FIT,8,Chăm sóc sức khỏe,vnstock.Listing().symbols_by_industries() (ICB); vnstock 4.0.5,2026-08-29
IMP,8,Chăm sóc sức khỏe,vnstock.Listing().symbols_by_industries() (ICB); vnstock 4.0.5,2026-08-29
LDP,8,Chăm sóc sức khỏe,vnstock.Listing().symbols_by_industries() (ICB); vnstock 4.0.5,2026-08-29
MED,8,Chăm sóc sức khỏe,vnstock.Listing().symbols_by_industries() (ICB); vnstock 4.0.5,2026-08-29
MKV,8,Chăm sóc sức khỏe,vnstock.Listing().symbols_by_industries() (ICB); vnstock 4.0.5,2026-08-29
OPC,8,Chăm sóc sức khỏe,vnstock.Listing().symbols_by_industries() (ICB); vnstock 4.0.5,2026-08-29
PMC,8,Chăm sóc sức khỏe,vnstock.Listing().symbols_by_industries() (ICB); vnstock 4.0.5,2026-08-29
PPP,8,Chăm sóc sức khỏe,vnstock.Listing().symbols_by_industries() (ICB); vnstock 4.0.5,2026-08-29
SPM,8,Chăm sóc sức khỏe,vnstock.Listing().symbols_by_industries() (ICB); vnstock 4.0.5,2026-08-29
TNH,8,Chăm sóc sức khỏe,vnstock.Listing().symbols_by_industries() (ICB); vnstock 4.0.5,2026-08-29
TRA,8,Chăm sóc sức khỏe,vnstock.Listing().symbols_by_industries() (ICB); vnstock 4.0.5,2026-08-29
VDP,8,Chăm sóc sức khỏe,vnstock.Listing().symbols_by_industries() (ICB); vnstock 4.0.5,2026-08-29
AFX,19,Thực phẩm - Đồ uống,vnstock.Listing().symbols_by_industries() (ICB); vnstock 4.0.5,2026-08-29
ANT,19,Thực phẩm - Đồ uống,vnstock.Listing().symbols_by_industries() (ICB); vnstock 4.0.5,2026-08-29
BAF,19,Thực phẩm - Đồ uống,vnstock.Listing().symbols_by_industries() (ICB); vnstock 4.0.5,2026-08-29
BCF,19,Thực phẩm - Đồ uống,vnstock.Listing().symbols_by_industries() (ICB); vnstock 4.0.5,2026-08-29
BHN,19,Thực phẩm - Đồ uống,vnstock.Listing().symbols_by_industries() (ICB); vnstock 4.0.5,2026-08-29
BNA,19,Thực phẩm - Đồ uống,vnstock.Listing().symbols_by_industries() (ICB); vnstock 4.0.5,2026-08-29
DBC,19,Thực phẩm - Đồ uống,vnstock.Listing().symbols_by_industries() (ICB); vnstock 4.0.5,2026-08-29
HAD,19,Thực phẩm - Đồ uống,vnstock.Listing().symbols_by_industries() (ICB); vnstock 4.0.5,2026-08-29
HAT,19,Thực phẩm - Đồ uống,vnstock.Listing().symbols_by_industries() (ICB); vnstock 4.0.5,2026-08-29
HHC,19,Thực phẩm - Đồ uống,vnstock.Listing().symbols_by_industries() (ICB); vnstock 4.0.5,2026-08-29
KDC,19,Thực phẩm - Đồ uống,vnstock.Listing().symbols_by_industries() (ICB); vnstock 4.0.5,2026-08-29
KTS,19,Thực phẩm - Đồ uống,vnstock.Listing().symbols_by_industries() (ICB); vnstock 4.0.5,2026-08-29
LAF,19,Thực phẩm - Đồ uống,vnstock.Listing().symbols_by_industries() (ICB); vnstock 4.0.5,2026-08-29
LSS,19,Thực phẩm - Đồ uống,vnstock.Listing().symbols_by_industries() (ICB); vnstock 4.0.5,2026-08-29
MCH,19,Thực phẩm - Đồ uống,vnstock.Listing().symbols_by_industries() (ICB); vnstock 4.0.5,2026-08-29
MCM,19,Thực phẩm - Đồ uống,vnstock.Listing().symbols_by_industries() (ICB); vnstock 4.0.5,2026-08-29
MSN,19,Thực phẩm - Đồ uống,vnstock.Listing().symbols_by_industries() (ICB); vnstock 4.0.5,2026-08-29
NAF,19,Thực phẩm - Đồ uống,vnstock.Listing().symbols_by_industries() (ICB); vnstock 4.0.5,2026-08-29
PAN,19,Thực phẩm - Đồ uống,vnstock.Listing().symbols_by_industries() (ICB); vnstock 4.0.5,2026-08-29
SAB,19,Thực phẩm - Đồ uống,vnstock.Listing().symbols_by_industries() (ICB); vnstock 4.0.5,2026-08-29
SAF,19,Thực phẩm - Đồ uống,vnstock.Listing().symbols_by_industries() (ICB); vnstock 4.0.5,2026-08-29
SBT,19,Thực phẩm - Đồ uống,vnstock.Listing().symbols_by_industries() (ICB); vnstock 4.0.5,2026-08-29
SGC,19,Thực phẩm - Đồ uống,vnstock.Listing().symbols_by_industries() (ICB); vnstock 4.0.5,2026-08-29
SLS,19,Thực phẩm - Đồ uống,vnstock.Listing().symbols_by_industries() (ICB); vnstock 4.0.5,2026-08-29
SMB,19,Thực phẩm - Đồ uống,vnstock.Listing().symbols_by_industries() (ICB); vnstock 4.0.5,2026-08-29
THB,19,Thực phẩm - Đồ uống,vnstock.Listing().symbols_by_industries() (ICB); vnstock 4.0.5,2026-08-29
VCF,19,Thực phẩm - Đồ uống,vnstock.Listing().symbols_by_industries() (ICB); vnstock 4.0.5,2026-08-29
VDL,19,Thực phẩm - Đồ uống,vnstock.Listing().symbols_by_industries() (ICB); vnstock 4.0.5,2026-08-29
VHE,19,Thực phẩm - Đồ uống,vnstock.Listing().symbols_by_industries() (ICB); vnstock 4.0.5,2026-08-29
VNM,19,Thực phẩm - Đồ uống,vnstock.Listing().symbols_by_industries() (ICB); vnstock 4.0.5,2026-08-29
ASP,22,Tiện ích,vnstock.Listing().symbols_by_industries() (ICB); vnstock 4.0.5,2026-08-29
BTP,22,Tiện ích,vnstock.Listing().symbols_by_industries() (ICB); vnstock 4.0.5,2026-08-29
BTW,22,Tiện ích,vnstock.Listing().symbols_by_industries() (ICB); vnstock 4.0.5,2026-08-29
BWE,22,Tiện ích,vnstock.Listing().symbols_by_industries() (ICB); vnstock 4.0.5,2026-08-29
CHP,22,Tiện ích,vnstock.Listing().symbols_by_industries() (ICB); vnstock 4.0.5,2026-08-29
CLW,22,Tiện ích,vnstock.Listing().symbols_by_industries() (ICB); vnstock 4.0.5,2026-08-29
CNG,22,Tiện ích,vnstock.Listing().symbols_by_industries() (ICB); vnstock 4.0.5,2026-08-29
DNC,22,Tiện ích,vnstock.Listing().symbols_by_industries() (ICB); vnstock 4.0.5,2026-08-29
DRL,22,Tiện ích,vnstock.Listing().symbols_by_industries() (ICB); vnstock 4.0.5,2026-08-29
DTK,22,Tiện ích,vnstock.Listing().symbols_by_industries() (ICB); vnstock 4.0.5,2026-08-29
GAS,22,Tiện ích,vnstock.Listing().symbols_by_industries() (ICB); vnstock 4.0.5,2026-08-29
GDW,22,Tiện ích,vnstock.Listing().symbols_by_industries() (ICB); vnstock 4.0.5,2026-08-29
GEG,22,Tiện ích,vnstock.Listing().symbols_by_industries() (ICB); vnstock 4.0.5,2026-08-29
GHC,22,Tiện ích,vnstock.Listing().symbols_by_industries() (ICB); vnstock 4.0.5,2026-08-29
HID,22,Tiện ích,vnstock.Listing().symbols_by_industries() (ICB); vnstock 4.0.5,2026-08-29
HJS,22,Tiện ích,vnstock.Listing().symbols_by_industries() (ICB); vnstock 4.0.5,2026-08-29
HNA,22,Tiện ích,vnstock.Listing().symbols_by_industries() (ICB); vnstock 4.0.5,2026-08-29
IDC,22,Tiện ích,vnstock.Listing().symbols_by_industries() (ICB); vnstock 4.0.5,2026-08-29
KHP,22,Tiện ích,vnstock.Listing().symbols_by_industries() (ICB); vnstock 4.0.5,2026-08-29
NBP,22,Tiện ích,vnstock.Listing().symbols_by_industries() (ICB); vnstock 4.0.5,2026-08-29
NBW,22,Tiện ích,vnstock.Listing().symbols_by_industries() (ICB); vnstock 4.0.5,2026-08-29
NT2,22,Tiện ích,vnstock.Listing().symbols_by_industries() (ICB); vnstock 4.0.5,2026-08-29
NTH,22,Tiện ích,vnstock.Listing().symbols_by_industries() (ICB); vnstock 4.0.5,2026-08-29
PGC,22,Tiện ích,vnstock.Listing().symbols_by_industries() (ICB); vnstock 4.0.5,2026-08-29
PGD,22,Tiện ích,vnstock.Listing().symbols_by_industries() (ICB); vnstock 4.0.5,2026-08-29
PGS,22,Tiện ích,vnstock.Listing().symbols_by_industries() (ICB); vnstock 4.0.5,2026-08-29
PGV,22,Tiện ích,vnstock.Listing().symbols_by_industries() (ICB); vnstock 4.0.5,2026-08-29
PIC,22,Tiện ích,vnstock.Listing().symbols_by_industries() (ICB); vnstock 4.0.5,2026-08-29
POW,22,Tiện ích,vnstock.Listing().symbols_by_industries() (ICB); vnstock 4.0.5,2026-08-29
PPC,22,Tiện ích,vnstock.Listing().symbols_by_industries() (ICB); vnstock 4.0.5,2026-08-29
PVG,22,Tiện ích,vnstock.Listing().symbols_by_industries() (ICB); vnstock 4.0.5,2026-08-29
S4A,22,Tiện ích,vnstock.Listing().symbols_by_industries() (ICB); vnstock 4.0.5,2026-08-29
SBA,22,Tiện ích,vnstock.Listing().symbols_by_industries() (ICB); vnstock 4.0.5,2026-08-29
SEB,22,Tiện ích,vnstock.Listing().symbols_by_industries() (ICB); vnstock 4.0.5,2026-08-29
SHP,22,Tiện ích,vnstock.Listing().symbols_by_industries() (ICB); vnstock 4.0.5,2026-08-29
SIP,22,Tiện ích,vnstock.Listing().symbols_by_industries() (ICB); vnstock 4.0.5,2026-08-29
SJD,22,Tiện ích,vnstock.Listing().symbols_by_industries() (ICB); vnstock 4.0.5,2026-08-29
TBC,22,Tiện ích,vnstock.Listing().symbols_by_industries() (ICB); vnstock 4.0.5,2026-08-29
TDM,22,Tiện ích,vnstock.Listing().symbols_by_industries() (ICB); vnstock 4.0.5,2026-08-29
TDW,22,Tiện ích,vnstock.Listing().symbols_by_industries() (ICB); vnstock 4.0.5,2026-08-29
TMP,22,Tiện ích,vnstock.Listing().symbols_by_industries() (ICB); vnstock 4.0.5,2026-08-29
TTA,22,Tiện ích,vnstock.Listing().symbols_by_industries() (ICB); vnstock 4.0.5,2026-08-29
TTE,22,Tiện ích,vnstock.Listing().symbols_by_industries() (ICB); vnstock 4.0.5,2026-08-29
UIC,22,Tiện ích,vnstock.Listing().symbols_by_industries() (ICB); vnstock 4.0.5,2026-08-29
VPD,22,Tiện ích,vnstock.Listing().symbols_by_industries() (ICB); vnstock 4.0.5,2026-08-29
VSH,22,Tiện ích,vnstock.Listing().symbols_by_industries() (ICB); vnstock 4.0.5,2026-08-29
AGR,5,Chứng khoán,vnstock.Listing().symbols_by_industries() (ICB); vnstock 4.0.5,2026-08-29
APG,5,Chứng khoán,vnstock.Listing().symbols_by_industries() (ICB); vnstock 4.0.5,2026-08-29
APS,5,Chứng khoán,vnstock.Listing().symbols_by_industries() (ICB); vnstock 4.0.5,2026-08-29
BSI,5,Chứng khoán,vnstock.Listing().symbols_by_industries() (ICB); vnstock 4.0.5,2026-08-29
BVS,5,Chứng khoán,vnstock.Listing().symbols_by_industries() (ICB); vnstock 4.0.5,2026-08-29
CTS,5,Chứng khoán,vnstock.Listing().symbols_by_industries() (ICB); vnstock 4.0.5,2026-08-29
DSC,5,Chứng khoán,vnstock.Listing().symbols_by_industries() (ICB); vnstock 4.0.5,2026-08-29
DSE,5,Chứng khoán,vnstock.Listing().symbols_by_industries() (ICB); vnstock 4.0.5,2026-08-29
EVS,5,Chứng khoán,vnstock.Listing().symbols_by_industries() (ICB); vnstock 4.0.5,2026-08-29
FTS,5,Chứng khoán,vnstock.Listing().symbols_by_industries() (ICB); vnstock 4.0.5,2026-08-29
HBS,5,Chứng khoán,vnstock.Listing().symbols_by_industries() (ICB); vnstock 4.0.5,2026-08-29
HCM,5,Chứng khoán,vnstock.Listing().symbols_by_industries() (ICB); vnstock 4.0.5,2026-08-29
IVS,5,Chứng khoán,vnstock.Listing().symbols_by_industries() (ICB); vnstock 4.0.5,2026-08-29
LPS,5,Chứng khoán,vnstock.Listing().symbols_by_industries() (ICB); vnstock 4.0.5,2026-08-29
MBS,5,Chứng khoán,vnstock.Listing().symbols_by_industries() (ICB); vnstock 4.0.5,2026-08-29
ORS,5,Chứng khoán,vnstock.Listing().symbols_by_industries() (ICB); vnstock 4.0.5,2026-08-29
PSI,5,Chứng khoán,vnstock.Listing().symbols_by_industries() (ICB); vnstock 4.0.5,2026-08-29
SHS,5,Chứng khoán,vnstock.Listing().symbols_by_industries() (ICB); vnstock 4.0.5,2026-08-29
SSI,5,Chứng khoán,vnstock.Listing().symbols_by_industries() (ICB); vnstock 4.0.5,2026-08-29
TCI,5,Chứng khoán,vnstock.Listing().symbols_by_industries() (ICB); vnstock 4.0.5,2026-08-29
TCX,5,Chứng khoán,vnstock.Listing().symbols_by_industries() (ICB); vnstock 4.0.5,2026-08-29
TVB,5,Chứng khoán,vnstock.Listing().symbols_by_industries() (ICB); vnstock 4.0.5,2026-08-29
TVS,5,Chứng khoán,vnstock.Listing().symbols_by_industries() (ICB); vnstock 4.0.5,2026-08-29
VCI,5,Chứng khoán,vnstock.Listing().symbols_by_industries() (ICB); vnstock 4.0.5,2026-08-29
VCK,5,Chứng khoán,vnstock.Listing().symbols_by_industries() (ICB); vnstock 4.0.5,2026-08-29
VDS,5,Chứng khoán,vnstock.Listing().symbols_by_industries() (ICB); vnstock 4.0.5,2026-08-29
VFS,5,Chứng khoán,vnstock.Listing().symbols_by_industries() (ICB); vnstock 4.0.5,2026-08-29
VIG,5,Chứng khoán,vnstock.Listing().symbols_by_industries() (ICB); vnstock 4.0.5,2026-08-29
VIX,5,Chứng khoán,vnstock.Listing().symbols_by_industries() (ICB); vnstock 4.0.5,2026-08-29
VND,5,Chứng khoán,vnstock.Listing().symbols_by_industries() (ICB); vnstock 4.0.5,2026-08-29
VPX,5,Chứng khoán,vnstock.Listing().symbols_by_industries() (ICB); vnstock 4.0.5,2026-08-29
WSS,5,Chứng khoán,vnstock.Listing().symbols_by_industries() (ICB); vnstock 4.0.5,2026-08-29
AAT,16,SX Hàng gia dụng,vnstock.Listing().symbols_by_industries() (ICB); vnstock 4.0.5,2026-08-29
ADS,16,SX Hàng gia dụng,vnstock.Listing().symbols_by_industries() (ICB); vnstock 4.0.5,2026-08-29
EVE,16,SX Hàng gia dụng,vnstock.Listing().symbols_by_industries() (ICB); vnstock 4.0.5,2026-08-29
GDT,16,SX Hàng gia dụng,vnstock.Listing().symbols_by_industries() (ICB); vnstock 4.0.5,2026-08-29
GIL,16,SX Hàng gia dụng,vnstock.Listing().symbols_by_industries() (ICB); vnstock 4.0.5,2026-08-29
HTG,16,SX Hàng gia dụng,vnstock.Listing().symbols_by_industries() (ICB); vnstock 4.0.5,2026-08-29
KMR,16,SX Hàng gia dụng,vnstock.Listing().symbols_by_industries() (ICB); vnstock 4.0.5,2026-08-29
MSH,16,SX Hàng gia dụng,vnstock.Listing().symbols_by_industries() (ICB); vnstock 4.0.5,2026-08-29
NAV,16,SX Hàng gia dụng,vnstock.Listing().symbols_by_industries() (ICB); vnstock 4.0.5,2026-08-29
RYG,16,SX Hàng gia dụng,vnstock.Listing().symbols_by_industries() (ICB); vnstock 4.0.5,2026-08-29
SAV,16,SX Hàng gia dụng,vnstock.Listing().symbols_by_industries() (ICB); vnstock 4.0.5,2026-08-29
SHA,16,SX Hàng gia dụng,vnstock.Listing().symbols_by_industries() (ICB); vnstock 4.0.5,2026-08-29
STK,16,SX Hàng gia dụng,vnstock.Listing().symbols_by_industries() (ICB); vnstock 4.0.5,2026-08-29
SVD,16,SX Hàng gia dụng,vnstock.Listing().symbols_by_industries() (ICB); vnstock 4.0.5,2026-08-29
TCM,16,SX Hàng gia dụng,vnstock.Listing().symbols_by_industries() (ICB); vnstock 4.0.5,2026-08-29
TDT,16,SX Hàng gia dụng,vnstock.Listing().symbols_by_industries() (ICB); vnstock 4.0.5,2026-08-29
TET,16,SX Hàng gia dụng,vnstock.Listing().symbols_by_industries() (ICB); vnstock 4.0.5,2026-08-29
TNG,16,SX Hàng gia dụng,vnstock.Listing().symbols_by_industries() (ICB); vnstock 4.0.5,2026-08-29
TTF,16,SX Hàng gia dụng,vnstock.Listing().symbols_by_industries() (ICB); vnstock 4.0.5,2026-08-29
TVT,16,SX Hàng gia dụng,vnstock.Listing().symbols_by_industries() (ICB); vnstock 4.0.5,2026-08-29
X20,16,SX Hàng gia dụng,vnstock.Listing().symbols_by_industries() (ICB); vnstock 4.0.5,2026-08-29
BTT,7,Bán lẻ,vnstock.Listing().symbols_by_industries() (ICB); vnstock 4.0.5,2026-08-29
CCI,7,Bán lẻ,vnstock.Listing().symbols_by_industries() (ICB); vnstock 4.0.5,2026-08-29
CMV,7,Bán lẻ,vnstock.Listing().symbols_by_industries() (ICB); vnstock 4.0.5,2026-08-29
COM,7,Bán lẻ,vnstock.Listing().symbols_by_industries() (ICB); vnstock 4.0.5,2026-08-29
CTF,7,Bán lẻ,vnstock.Listing().symbols_by_industries() (ICB); vnstock 4.0.5,2026-08-29
DMX,7,Bán lẻ,vnstock.Listing().symbols_by_industries() (ICB); vnstock 4.0.5,2026-08-29
FRT,7,Bán lẻ,vnstock.Listing().symbols_by_industries() (ICB); vnstock 4.0.5,2026-08-29
GMA,7,Bán lẻ,vnstock.Listing().symbols_by_industries() (ICB); vnstock 4.0.5,2026-08-29
HAX,7,Bán lẻ,vnstock.Listing().symbols_by_industries() (ICB); vnstock 4.0.5,2026-08-29
HTC,7,Bán lẻ,vnstock.Listing().symbols_by_industries() (ICB); vnstock 4.0.5,2026-08-29
MWG,7,Bán lẻ,vnstock.Listing().symbols_by_industries() (ICB); vnstock 4.0.5,2026-08-29
PNC,7,Bán lẻ,vnstock.Listing().symbols_by_industries() (ICB); vnstock 4.0.5,2026-08-29
PNJ,7,Bán lẻ,vnstock.Listing().symbols_by_industries() (ICB); vnstock 4.0.5,2026-08-29
SFC,7,Bán lẻ,vnstock.Listing().symbols_by_industries() (ICB); vnstock 4.0.5,2026-08-29
SVC,7,Bán lẻ,vnstock.Listing().symbols_by_industries() (ICB); vnstock 4.0.5,2026-08-29
TMC,7,Bán lẻ,vnstock.Listing().symbols_by_industries() (ICB); vnstock 4.0.5,2026-08-29
AGG,3,Bất động sản,vnstock.Listing().symbols_by_industries() (ICB); vnstock 4.0.5,2026-08-29
API,3,Bất động sản,vnstock.Listing().symbols_by_industries() (ICB); vnstock 4.0.5,2026-08-29
BAX,3,Bất động sản,vnstock.Listing().symbols_by_industries() (ICB); vnstock 4.0.5,2026-08-29
BCE,3,Bất động sản,vnstock.Listing().symbols_by_industries() (ICB); vnstock 4.0.5,2026-08-29
BCM,3,Bất động sản,vnstock.Listing().symbols_by_industries() (ICB); vnstock 4.0.5,2026-08-29
CCL,3,Bất động sản,vnstock.Listing().symbols_by_industries() (ICB); vnstock 4.0.5,2026-08-29
CDC,3,Bất động sản,vnstock.Listing().symbols_by_industries() (ICB); vnstock 4.0.5,2026-08-29
CEO,3,Bất động sản,vnstock.Listing().symbols_by_industries() (ICB); vnstock 4.0.5,2026-08-29
CIG,3,Bất động sản,vnstock.Listing().symbols_by_industries() (ICB); vnstock 4.0.5,2026-08-29
CKG,3,Bất động sản,vnstock.Listing().symbols_by_industries() (ICB); vnstock 4.0.5,2026-08-29
CRE,3,Bất động sản,vnstock.Listing().symbols_by_industries() (ICB); vnstock 4.0.5,2026-08-29
CRV,3,Bất động sản,vnstock.Listing().symbols_by_industries() (ICB); vnstock 4.0.5,2026-08-29
CSC,3,Bất động sản,vnstock.Listing().symbols_by_industries() (ICB); vnstock 4.0.5,2026-08-29
D11,3,Bất động sản,vnstock.Listing().symbols_by_industries() (ICB); vnstock 4.0.5,2026-08-29
D2D,3,Bất động sản,vnstock.Listing().symbols_by_industries() (ICB); vnstock 4.0.5,2026-08-29
DIG,3,Bất động sản,vnstock.Listing().symbols_by_industries() (ICB); vnstock 4.0.5,2026-08-29
DRH,3,Bất động sản,vnstock.Listing().symbols_by_industries() (ICB); vnstock 4.0.5,2026-08-29
DTA,3,Bất động sản,vnstock.Listing().symbols_by_industries() (ICB); vnstock 4.0.5,2026-08-29
DTD,3,Bất động sản,vnstock.Listing().symbols_by_industries() (ICB); vnstock 4.0.5,2026-08-29
DXG,3,Bất động sản,vnstock.Listing().symbols_by_industries() (ICB); vnstock 4.0.5,2026-08-29
DXS,3,Bất động sản,vnstock.Listing().symbols_by_industries() (ICB); vnstock 4.0.5,2026-08-29
EVG,3,Bất động sản,vnstock.Listing().symbols_by_industries() (ICB); vnstock 4.0.5,2026-08-29
FDC,3,Bất động sản,vnstock.Listing().symbols_by_industries() (ICB); vnstock 4.0.5,2026-08-29
FIR,3,Bất động sản,vnstock.Listing().symbols_by_industries() (ICB); vnstock 4.0.5,2026-08-29
HAR,3,Bất động sản,vnstock.Listing().symbols_by_industries() (ICB); vnstock 4.0.5,2026-08-29
HDC,3,Bất động sản,vnstock.Listing().symbols_by_industries() (ICB); vnstock 4.0.5,2026-08-29
HDG,3,Bất động sản,vnstock.Listing().symbols_by_industries() (ICB); vnstock 4.0.5,2026-08-29
HLD,3,Bất động sản,vnstock.Listing().symbols_by_industries() (ICB); vnstock 4.0.5,2026-08-29
HPX,3,Bất động sản,vnstock.Listing().symbols_by_industries() (ICB); vnstock 4.0.5,2026-08-29
HQC,3,Bất động sản,vnstock.Listing().symbols_by_industries() (ICB); vnstock 4.0.5,2026-08-29
HU1,3,Bất động sản,vnstock.Listing().symbols_by_industries() (ICB); vnstock 4.0.5,2026-08-29
ICG,3,Bất động sản,vnstock.Listing().symbols_by_industries() (ICB); vnstock 4.0.5,2026-08-29
IDJ,3,Bất động sản,vnstock.Listing().symbols_by_industries() (ICB); vnstock 4.0.5,2026-08-29
IDV,3,Bất động sản,vnstock.Listing().symbols_by_industries() (ICB); vnstock 4.0.5,2026-08-29
IJC,3,Bất động sản,vnstock.Listing().symbols_by_industries() (ICB); vnstock 4.0.5,2026-08-29
ITC,3,Bất động sản,vnstock.Listing().symbols_by_industries() (ICB); vnstock 4.0.5,2026-08-29
KBC,3,Bất động sản,vnstock.Listing().symbols_by_industries() (ICB); vnstock 4.0.5,2026-08-29
KDH,3,Bất động sản,vnstock.Listing().symbols_by_industries() (ICB); vnstock 4.0.5,2026-08-29
KHG,3,Bất động sản,vnstock.Listing().symbols_by_industries() (ICB); vnstock 4.0.5,2026-08-29
KOS,3,Bất động sản,vnstock.Listing().symbols_by_industries() (ICB); vnstock 4.0.5,2026-08-29
KSF,3,Bất động sản,vnstock.Listing().symbols_by_industries() (ICB); vnstock 4.0.5,2026-08-29
L14,3,Bất động sản,vnstock.Listing().symbols_by_industries() (ICB); vnstock 4.0.5,2026-08-29
LDG,3,Bất động sản,vnstock.Listing().symbols_by_industries() (ICB); vnstock 4.0.5,2026-08-29
LGL,3,Bất động sản,vnstock.Listing().symbols_by_industries() (ICB); vnstock 4.0.5,2026-08-29
LHG,3,Bất động sản,vnstock.Listing().symbols_by_industries() (ICB); vnstock 4.0.5,2026-08-29
NBB,3,Bất động sản,vnstock.Listing().symbols_by_industries() (ICB); vnstock 4.0.5,2026-08-29
NDN,3,Bất động sản,vnstock.Listing().symbols_by_industries() (ICB); vnstock 4.0.5,2026-08-29
NHA,3,Bất động sản,vnstock.Listing().symbols_by_industries() (ICB); vnstock 4.0.5,2026-08-29
NLG,3,Bất động sản,vnstock.Listing().symbols_by_industries() (ICB); vnstock 4.0.5,2026-08-29
NRC,3,Bất động sản,vnstock.Listing().symbols_by_industries() (ICB); vnstock 4.0.5,2026-08-29
NTC,3,Bất động sản,vnstock.Listing().symbols_by_industries() (ICB); vnstock 4.0.5,2026-08-29
NTL,3,Bất động sản,vnstock.Listing().symbols_by_industries() (ICB); vnstock 4.0.5,2026-08-29
NVL,3,Bất động sản,vnstock.Listing().symbols_by_industries() (ICB); vnstock 4.0.5,2026-08-29
PDR,3,Bất động sản,vnstock.Listing().symbols_by_industries() (ICB); vnstock 4.0.5,2026-08-29
PTL,3,Bất động sản,vnstock.Listing().symbols_by_industries() (ICB); vnstock 4.0.5,2026-08-29
PV2,3,Bất động sản,vnstock.Listing().symbols_by_industries() (ICB); vnstock 4.0.5,2026-08-29
QCG,3,Bất động sản,vnstock.Listing().symbols_by_industries() (ICB); vnstock 4.0.5,2026-08-29
RCL,3,Bất động sản,vnstock.Listing().symbols_by_industries() (ICB); vnstock 4.0.5,2026-08-29
SCR,3,Bất động sản,vnstock.Listing().symbols_by_industries() (ICB); vnstock 4.0.5,2026-08-29
SDU,3,Bất động sản,vnstock.Listing().symbols_by_industries() (ICB); vnstock 4.0.5,2026-08-29
SGR,3,Bất động sản,vnstock.Listing().symbols_by_industries() (ICB); vnstock 4.0.5,2026-08-29
SJS,3,Bất động sản,vnstock.Listing().symbols_by_industries() (ICB); vnstock 4.0.5,2026-08-29
SZB,3,Bất động sản,vnstock.Listing().symbols_by_industries() (ICB); vnstock 4.0.5,2026-08-29
SZC,3,Bất động sản,vnstock.Listing().symbols_by_industries() (ICB); vnstock 4.0.5,2026-08-29
SZL,3,Bất động sản,vnstock.Listing().symbols_by_industries() (ICB); vnstock 4.0.5,2026-08-29
TAL,3,Bất động sản,vnstock.Listing().symbols_by_industries() (ICB); vnstock 4.0.5,2026-08-29
TCH,3,Bất động sản,vnstock.Listing().symbols_by_industries() (ICB); vnstock 4.0.5,2026-08-29
TDC,3,Bất động sản,vnstock.Listing().symbols_by_industries() (ICB); vnstock 4.0.5,2026-08-29
TDH,3,Bất động sản,vnstock.Listing().symbols_by_industries() (ICB); vnstock 4.0.5,2026-08-29
TIG,3,Bất động sản,vnstock.Listing().symbols_by_industries() (ICB); vnstock 4.0.5,2026-08-29
TIP,3,Bất động sản,vnstock.Listing().symbols_by_industries() (ICB); vnstock 4.0.5,2026-08-29
TIX,3,Bất động sản,vnstock.Listing().symbols_by_industries() (ICB); vnstock 4.0.5,2026-08-29
TN1,3,Bất động sản,vnstock.Listing().symbols_by_industries() (ICB); vnstock 4.0.5,2026-08-29
V21,3,Bất động sản,vnstock.Listing().symbols_by_industries() (ICB); vnstock 4.0.5,2026-08-29
VC3,3,Bất động sản,vnstock.Listing().symbols_by_industries() (ICB); vnstock 4.0.5,2026-08-29
VC7,3,Bất động sản,vnstock.Listing().symbols_by_industries() (ICB); vnstock 4.0.5,2026-08-29
VHM,3,Bất động sản,vnstock.Listing().symbols_by_industries() (ICB); vnstock 4.0.5,2026-08-29
VIC,3,Bất động sản,vnstock.Listing().symbols_by_industries() (ICB); vnstock 4.0.5,2026-08-29
VPH,3,Bất động sản,vnstock.Listing().symbols_by_industries() (ICB); vnstock 4.0.5,2026-08-29
VPI,3,Bất động sản,vnstock.Listing().symbols_by_industries() (ICB); vnstock 4.0.5,2026-08-29
VRC,3,Bất động sản,vnstock.Listing().symbols_by_industries() (ICB); vnstock 4.0.5,2026-08-29
VRE,3,Bất động sản,vnstock.Listing().symbols_by_industries() (ICB); vnstock 4.0.5,2026-08-29
VTJ,3,Bất động sản,vnstock.Listing().symbols_by_industries() (ICB); vnstock 4.0.5,2026-08-29
BIC,2,Bảo hiểm,vnstock.Listing().symbols_by_industries() (ICB); vnstock 4.0.5,2026-08-29
BMI,2,Bảo hiểm,vnstock.Listing().symbols_by_industries() (ICB); vnstock 4.0.5,2026-08-29
BVH,2,Bảo hiểm,vnstock.Listing().symbols_by_industries() (ICB); vnstock 4.0.5,2026-08-29
MIG,2,Bảo hiểm,vnstock.Listing().symbols_by_industries() (ICB); vnstock 4.0.5,2026-08-29
PGI,2,Bảo hiểm,vnstock.Listing().symbols_by_industries() (ICB); vnstock 4.0.5,2026-08-29
PRE,2,Bảo hiểm,vnstock.Listing().symbols_by_industries() (ICB); vnstock 4.0.5,2026-08-29
PTI,2,Bảo hiểm,vnstock.Listing().symbols_by_industries() (ICB); vnstock 4.0.5,2026-08-29
PVI,2,Bảo hiểm,vnstock.Listing().symbols_by_industries() (ICB); vnstock 4.0.5,2026-08-29
VNR,2,Bảo hiểm,vnstock.Listing().symbols_by_industries() (ICB); vnstock 4.0.5,2026-08-29
CMC,1,Bán buôn,vnstock.Listing().symbols_by_industries() (ICB); vnstock 4.0.5,2026-08-29
DGW,1,Bán buôn,vnstock.Listing().symbols_by_industries() (ICB); vnstock 4.0.5,2026-08-29
FID,1,Bán buôn,vnstock.Listing().symbols_by_industries() (ICB); vnstock 4.0.5,2026-08-29
GEL,1,Bán buôn,vnstock.Listing().symbols_by_industries() (ICB); vnstock 4.0.5,2026-08-29
HHS,1,Bán buôn,vnstock.Listing().symbols_by_industries() (ICB); vnstock 4.0.5,2026-08-29
HMC,1,Bán buôn,vnstock.Listing().symbols_by_industries() (ICB); vnstock 4.0.5,2026-08-29
HTL,1,Bán buôn,vnstock.Listing().symbols_by_industries() (ICB); vnstock 4.0.5,2026-08-29
JVC,1,Bán buôn,vnstock.Listing().symbols_by_industries() (ICB); vnstock 4.0.5,2026-08-29
KDM,1,Bán buôn,vnstock.Listing().symbols_by_industries() (ICB); vnstock 4.0.5,2026-08-29
KMT,1,Bán buôn,vnstock.Listing().symbols_by_industries() (ICB); vnstock 4.0.5,2026-08-29
MCF,1,Bán buôn,vnstock.Listing().symbols_by_industries() (ICB); vnstock 4.0.5,2026-08-29
MEL,1,Bán buôn,vnstock.Listing().symbols_by_industries() (ICB); vnstock 4.0.5,2026-08-29
NO1,1,Bán buôn,vnstock.Listing().symbols_by_industries() (ICB); vnstock 4.0.5,2026-08-29
PCT,1,Bán buôn,vnstock.Listing().symbols_by_industries() (ICB); vnstock 4.0.5,2026-08-29
PET,1,Bán buôn,vnstock.Listing().symbols_by_industries() (ICB); vnstock 4.0.5,2026-08-29
PIT,1,Bán buôn,vnstock.Listing().symbols_by_industries() (ICB); vnstock 4.0.5,2026-08-29
PLX,1,Bán buôn,vnstock.Listing().symbols_by_industries() (ICB); vnstock 4.0.5,2026-08-29
PMG,1,Bán buôn,vnstock.Listing().symbols_by_industries() (ICB); vnstock 4.0.5,2026-08-29
PPT,1,Bán buôn,vnstock.Listing().symbols_by_industries() (ICB); vnstock 4.0.5,2026-08-29
PPY,1,Bán buôn,vnstock.Listing().symbols_by_industries() (ICB); vnstock 4.0.5,2026-08-29
PSC,1,Bán buôn,vnstock.Listing().symbols_by_industries() (ICB); vnstock 4.0.5,2026-08-29
PSD,1,Bán buôn,vnstock.Listing().symbols_by_industries() (ICB); vnstock 4.0.5,2026-08-29
PSE,1,Bán buôn,vnstock.Listing().symbols_by_industries() (ICB); vnstock 4.0.5,2026-08-29
PTX,1,Bán buôn,vnstock.Listing().symbols_by_industries() (ICB); vnstock 4.0.5,2026-08-29
SHN,1,Bán buôn,vnstock.Listing().symbols_by_industries() (ICB); vnstock 4.0.5,2026-08-29
SMA,1,Bán buôn,vnstock.Listing().symbols_by_industries() (ICB); vnstock 4.0.5,2026-08-29
SMC,1,Bán buôn,vnstock.Listing().symbols_by_industries() (ICB); vnstock 4.0.5,2026-08-29
SRA,1,Bán buôn,vnstock.Listing().symbols_by_industries() (ICB); vnstock 4.0.5,2026-08-29
ST8,1,Bán buôn,vnstock.Listing().symbols_by_industries() (ICB); vnstock 4.0.5,2026-08-29
TDG,1,Bán buôn,vnstock.Listing().symbols_by_industries() (ICB); vnstock 4.0.5,2026-08-29
THS,1,Bán buôn,vnstock.Listing().symbols_by_industries() (ICB); vnstock 4.0.5,2026-08-29
TLH,1,Bán buôn,vnstock.Listing().symbols_by_industries() (ICB); vnstock 4.0.5,2026-08-29
TNI,1,Bán buôn,vnstock.Listing().symbols_by_industries() (ICB); vnstock 4.0.5,2026-08-29
TSC,1,Bán buôn,vnstock.Listing().symbols_by_industries() (ICB); vnstock 4.0.5,2026-08-29
TTH,1,Bán buôn,vnstock.Listing().symbols_by_industries() (ICB); vnstock 4.0.5,2026-08-29
UNI,1,Bán buôn,vnstock.Listing().symbols_by_industries() (ICB); vnstock 4.0.5,2026-08-29
VCM,1,Bán buôn,vnstock.Listing().symbols_by_industries() (ICB); vnstock 4.0.5,2026-08-29
VFG,1,Bán buôn,vnstock.Listing().symbols_by_industries() (ICB); vnstock 4.0.5,2026-08-29
VID,1,Bán buôn,vnstock.Listing().symbols_by_industries() (ICB); vnstock 4.0.5,2026-08-29
VMD,1,Bán buôn,vnstock.Listing().symbols_by_industries() (ICB); vnstock 4.0.5,2026-08-29
VPG,1,Bán buôn,vnstock.Listing().symbols_by_industries() (ICB); vnstock 4.0.5,2026-08-29
VTV,1,Bán buôn,vnstock.Listing().symbols_by_industries() (ICB); vnstock 4.0.5,2026-08-29
VVS,1,Bán buôn,vnstock.Listing().symbols_by_industries() (ICB); vnstock 4.0.5,2026-08-29
AAM,20,Chế biến Thủy sản,vnstock.Listing().symbols_by_industries() (ICB); vnstock 4.0.5,2026-08-29
ABT,20,Chế biến Thủy sản,vnstock.Listing().symbols_by_industries() (ICB); vnstock 4.0.5,2026-08-29
ACL,20,Chế biến Thủy sản,vnstock.Listing().symbols_by_industries() (ICB); vnstock 4.0.5,2026-08-29
ANV,20,Chế biến Thủy sản,vnstock.Listing().symbols_by_industries() (ICB); vnstock 4.0.5,2026-08-29
ASM,20,Chế biến Thủy sản,vnstock.Listing().symbols_by_industries() (ICB); vnstock 4.0.5,2026-08-29
CAN,20,Chế biến Thủy sản,vnstock.Listing().symbols_by_industries() (ICB); vnstock 4.0.5,2026-08-29
CMX,20,Chế biến Thủy sản,vnstock.Listing().symbols_by_industries() (ICB); vnstock 4.0.5,2026-08-29
DAT,20,Chế biến Thủy sản,vnstock.Listing().symbols_by_industries() (ICB); vnstock 4.0.5,2026-08-29
FMC,20,Chế biến Thủy sản,vnstock.Listing().symbols_by_industries() (ICB); vnstock 4.0.5,2026-08-29
IDI,20,Chế biến Thủy sản,vnstock.Listing().symbols_by_industries() (ICB); vnstock 4.0.5,2026-08-29
KHS,20,Chế biến Thủy sản,vnstock.Listing().symbols_by_industries() (ICB); vnstock 4.0.5,2026-08-29
SJ1,20,Chế biến Thủy sản,vnstock.Listing().symbols_by_industries() (ICB); vnstock 4.0.5,2026-08-29
TFC,20,Chế biến Thủy sản,vnstock.Listing().symbols_by_industries() (ICB); vnstock 4.0.5,2026-08-29
VHC,20,Chế biến Thủy sản,vnstock.Listing().symbols_by_industries() (ICB); vnstock 4.0.5,2026-08-29
ACC,21,Vật liệu xây dựng,vnstock.Listing().symbols_by_industries() (ICB); vnstock 4.0.5,2026-08-29
BCC,21,Vật liệu xây dựng,vnstock.Listing().symbols_by_industries() (ICB); vnstock 4.0.5,2026-08-29
BTS,21,Vật liệu xây dựng,vnstock.Listing().symbols_by_industries() (ICB); vnstock 4.0.5,2026-08-29
CLH,21,Vật liệu xây dựng,vnstock.Listing().symbols_by_industries() (ICB); vnstock 4.0.5,2026-08-29
CRC,21,Vật liệu xây dựng,vnstock.Listing().symbols_by_industries() (ICB); vnstock 4.0.5,2026-08-29
CVT,21,Vật liệu xây dựng,vnstock.Listing().symbols_by_industries() (ICB); vnstock 4.0.5,2026-08-29
DTL,21,Vật liệu xây dựng,vnstock.Listing().symbols_by_industries() (ICB); vnstock 4.0.5,2026-08-29
DXV,21,Vật liệu xây dựng,vnstock.Listing().symbols_by_industries() (ICB); vnstock 4.0.5,2026-08-29
FCM,21,Vật liệu xây dựng,vnstock.Listing().symbols_by_industries() (ICB); vnstock 4.0.5,2026-08-29
GKM,21,Vật liệu xây dựng,vnstock.Listing().symbols_by_industries() (ICB); vnstock 4.0.5,2026-08-29
GMH,21,Vật liệu xây dựng,vnstock.Listing().symbols_by_industries() (ICB); vnstock 4.0.5,2026-08-29
GMX,21,Vật liệu xây dựng,vnstock.Listing().symbols_by_industries() (ICB); vnstock 4.0.5,2026-08-29
HCC,21,Vật liệu xây dựng,vnstock.Listing().symbols_by_industries() (ICB); vnstock 4.0.5,2026-08-29
HOM,21,Vật liệu xây dựng,vnstock.Listing().symbols_by_industries() (ICB); vnstock 4.0.5,2026-08-29
HPG,21,Vật liệu xây dựng,vnstock.Listing().symbols_by_industries() (ICB); vnstock 4.0.5,2026-08-29
HSG,21,Vật liệu xây dựng,vnstock.Listing().symbols_by_industries() (ICB); vnstock 4.0.5,2026-08-29
HT1,21,Vật liệu xây dựng,vnstock.Listing().symbols_by_industries() (ICB); vnstock 4.0.5,2026-08-29
KKC,21,Vật liệu xây dựng,vnstock.Listing().symbols_by_industries() (ICB); vnstock 4.0.5,2026-08-29
LBM,21,Vật liệu xây dựng,vnstock.Listing().symbols_by_industries() (ICB); vnstock 4.0.5,2026-08-29
MCC,21,Vật liệu xây dựng,vnstock.Listing().symbols_by_industries() (ICB); vnstock 4.0.5,2026-08-29
NHC,21,Vật liệu xây dựng,vnstock.Listing().symbols_by_industries() (ICB); vnstock 4.0.5,2026-08-29
NKG,21,Vật liệu xây dựng,vnstock.Listing().symbols_by_industries() (ICB); vnstock 4.0.5,2026-08-29
NSH,21,Vật liệu xây dựng,vnstock.Listing().symbols_by_industries() (ICB); vnstock 4.0.5,2026-08-29
PDB,21,Vật liệu xây dựng,vnstock.Listing().symbols_by_industries() (ICB); vnstock 4.0.5,2026-08-29
TCR,21,Vật liệu xây dựng,vnstock.Listing().symbols_by_industries() (ICB); vnstock 4.0.5,2026-08-29
TEG,21,Vật liệu xây dựng,vnstock.Listing().symbols_by_industries() (ICB); vnstock 4.0.5,2026-08-29
THG,21,Vật liệu xây dựng,vnstock.Listing().symbols_by_industries() (ICB); vnstock 4.0.5,2026-08-29
TKU,21,Vật liệu xây dựng,vnstock.Listing().symbols_by_industries() (ICB); vnstock 4.0.5,2026-08-29
TMX,21,Vật liệu xây dựng,vnstock.Listing().symbols_by_industries() (ICB); vnstock 4.0.5,2026-08-29
TTC,21,Vật liệu xây dựng,vnstock.Listing().symbols_by_industries() (ICB); vnstock 4.0.5,2026-08-29
TXM,21,Vật liệu xây dựng,vnstock.Listing().symbols_by_industries() (ICB); vnstock 4.0.5,2026-08-29
VCA,21,Vật liệu xây dựng,vnstock.Listing().symbols_by_industries() (ICB); vnstock 4.0.5,2026-08-29
VCS,21,Vật liệu xây dựng,vnstock.Listing().symbols_by_industries() (ICB); vnstock 4.0.5,2026-08-29
VGC,21,Vật liệu xây dựng,vnstock.Listing().symbols_by_industries() (ICB); vnstock 4.0.5,2026-08-29
VGS,21,Vật liệu xây dựng,vnstock.Listing().symbols_by_industries() (ICB); vnstock 4.0.5,2026-08-29
VHL,21,Vật liệu xây dựng,vnstock.Listing().symbols_by_industries() (ICB); vnstock 4.0.5,2026-08-29
VIT,21,Vật liệu xây dựng,vnstock.Listing().symbols_by_industries() (ICB); vnstock 4.0.5,2026-08-29
YBM,21,Vật liệu xây dựng,vnstock.Listing().symbols_by_industries() (ICB); vnstock 4.0.5,2026-08-29
ARM,23,Vận tải - kho bãi,vnstock.Listing().symbols_by_industries() (ICB); vnstock 4.0.5,2026-08-29
ASG,23,Vận tải - kho bãi,vnstock.Listing().symbols_by_industries() (ICB); vnstock 4.0.5,2026-08-29
AST,23,Vận tải - kho bãi,vnstock.Listing().symbols_by_industries() (ICB); vnstock 4.0.5,2026-08-29
CAG,23,Vận tải - kho bãi,vnstock.Listing().symbols_by_industries() (ICB); vnstock 4.0.5,2026-08-29
CCR,23,Vận tải - kho bãi,vnstock.Listing().symbols_by_industries() (ICB); vnstock 4.0.5,2026-08-29
CDN,23,Vận tải - kho bãi,vnstock.Listing().symbols_by_industries() (ICB); vnstock 4.0.5,2026-08-29
CIA,23,Vận tải - kho bãi,vnstock.Listing().symbols_by_industries() (ICB); vnstock 4.0.5,2026-08-29
CLL,23,Vận tải - kho bãi,vnstock.Listing().symbols_by_industries() (ICB); vnstock 4.0.5,2026-08-29
DL1,23,Vận tải - kho bãi,vnstock.Listing().symbols_by_industries() (ICB); vnstock 4.0.5,2026-08-29
DS3,23,Vận tải - kho bãi,vnstock.Listing().symbols_by_industries() (ICB); vnstock 4.0.5,2026-08-29
DVP,23,Vận tải - kho bãi,vnstock.Listing().symbols_by_industries() (ICB); vnstock 4.0.5,2026-08-29
DXP,23,Vận tải - kho bãi,vnstock.Listing().symbols_by_industries() (ICB); vnstock 4.0.5,2026-08-29
GIC,23,Vận tải - kho bãi,vnstock.Listing().symbols_by_industries() (ICB); vnstock 4.0.5,2026-08-29
GMD,23,Vận tải - kho bãi,vnstock.Listing().symbols_by_industries() (ICB); vnstock 4.0.5,2026-08-29
GSP,23,Vận tải - kho bãi,vnstock.Listing().symbols_by_industries() (ICB); vnstock 4.0.5,2026-08-29
HAH,23,Vận tải - kho bãi,vnstock.Listing().symbols_by_industries() (ICB); vnstock 4.0.5,2026-08-29
HCT,23,Vận tải - kho bãi,vnstock.Listing().symbols_by_industries() (ICB); vnstock 4.0.5,2026-08-29
HMH,23,Vận tải - kho bãi,vnstock.Listing().symbols_by_industries() (ICB); vnstock 4.0.5,2026-08-29
HTV,23,Vận tải - kho bãi,vnstock.Listing().symbols_by_industries() (ICB); vnstock 4.0.5,2026-08-29
HVN,23,Vận tải - kho bãi,vnstock.Listing().symbols_by_industries() (ICB); vnstock 4.0.5,2026-08-29
ILB,23,Vận tải - kho bãi,vnstock.Listing().symbols_by_industries() (ICB); vnstock 4.0.5,2026-08-29
MAC,23,Vận tải - kho bãi,vnstock.Listing().symbols_by_industries() (ICB); vnstock 4.0.5,2026-08-29
MAS,23,Vận tải - kho bãi,vnstock.Listing().symbols_by_industries() (ICB); vnstock 4.0.5,2026-08-29
MHC,23,Vận tải - kho bãi,vnstock.Listing().symbols_by_industries() (ICB); vnstock 4.0.5,2026-08-29
NAP,23,Vận tải - kho bãi,vnstock.Listing().symbols_by_industries() (ICB); vnstock 4.0.5,2026-08-29
NCT,23,Vận tải - kho bãi,vnstock.Listing().symbols_by_industries() (ICB); vnstock 4.0.5,2026-08-29
PDN,23,Vận tải - kho bãi,vnstock.Listing().symbols_by_industries() (ICB); vnstock 4.0.5,2026-08-29
PDV,23,Vận tải - kho bãi,vnstock.Listing().symbols_by_industries() (ICB); vnstock 4.0.5,2026-08-29
PGT,23,Vận tải - kho bãi,vnstock.Listing().symbols_by_industries() (ICB); vnstock 4.0.5,2026-08-29
PJC,23,Vận tải - kho bãi,vnstock.Listing().symbols_by_industries() (ICB); vnstock 4.0.5,2026-08-29
PJT,23,Vận tải - kho bãi,vnstock.Listing().symbols_by_industries() (ICB); vnstock 4.0.5,2026-08-29
PRC,23,Vận tải - kho bãi,vnstock.Listing().symbols_by_industries() (ICB); vnstock 4.0.5,2026-08-29
PTS,23,Vận tải - kho bãi,vnstock.Listing().symbols_by_industries() (ICB); vnstock 4.0.5,2026-08-29
PVP,23,Vận tải - kho bãi,vnstock.Listing().symbols_by_industries() (ICB); vnstock 4.0.5,2026-08-29
PVT,23,Vận tải - kho bãi,vnstock.Listing().symbols_by_industries() (ICB); vnstock 4.0.5,2026-08-29
QNP,23,Vận tải - kho bãi,vnstock.Listing().symbols_by_industries() (ICB); vnstock 4.0.5,2026-08-29
SCS,23,Vận tải - kho bãi,vnstock.Listing().symbols_by_industries() (ICB); vnstock 4.0.5,2026-08-29
SFI,23,Vận tải - kho bãi,vnstock.Listing().symbols_by_industries() (ICB); vnstock 4.0.5,2026-08-29
SGN,23,Vận tải - kho bãi,vnstock.Listing().symbols_by_industries() (ICB); vnstock 4.0.5,2026-08-29
SKG,23,Vận tải - kho bãi,vnstock.Listing().symbols_by_industries() (ICB); vnstock 4.0.5,2026-08-29
STG,23,Vận tải - kho bãi,vnstock.Listing().symbols_by_industries() (ICB); vnstock 4.0.5,2026-08-29
TCL,23,Vận tải - kho bãi,vnstock.Listing().symbols_by_industries() (ICB); vnstock 4.0.5,2026-08-29
TCO,23,Vận tải - kho bãi,vnstock.Listing().symbols_by_industries() (ICB); vnstock 4.0.5,2026-08-29
TCT,23,Vận tải - kho bãi,vnstock.Listing().symbols_by_industries() (ICB); vnstock 4.0.5,2026-08-29
TJC,23,Vận tải - kho bãi,vnstock.Listing().symbols_by_industries() (ICB); vnstock 4.0.5,2026-08-29
TMS,23,Vận tải - kho bãi,vnstock.Listing().symbols_by_industries() (ICB); vnstock 4.0.5,2026-08-29
TOT,23,Vận tải - kho bãi,vnstock.Listing().symbols_by_industries() (ICB); vnstock 4.0.5,2026-08-29
VGP,23,Vận tải - kho bãi,vnstock.Listing().symbols_by_industries() (ICB); vnstock 4.0.5,2026-08-29
VIP,23,Vận tải - kho bãi,vnstock.Listing().symbols_by_industries() (ICB); vnstock 4.0.5,2026-08-29
VJC,23,Vận tải - kho bãi,vnstock.Listing().symbols_by_industries() (ICB); vnstock 4.0.5,2026-08-29
VMS,23,Vận tải - kho bãi,vnstock.Listing().symbols_by_industries() (ICB); vnstock 4.0.5,2026-08-29
VNF,23,Vận tải - kho bãi,vnstock.Listing().symbols_by_industries() (ICB); vnstock 4.0.5,2026-08-29
VNL,23,Vận tải - kho bãi,vnstock.Listing().symbols_by_industries() (ICB); vnstock 4.0.5,2026-08-29
VNS,23,Vận tải - kho bãi,vnstock.Listing().symbols_by_industries() (ICB); vnstock 4.0.5,2026-08-29
VNT,23,Vận tải - kho bãi,vnstock.Listing().symbols_by_industries() (ICB); vnstock 4.0.5,2026-08-29
VOS,23,Vận tải - kho bãi,vnstock.Listing().symbols_by_industries() (ICB); vnstock 4.0.5,2026-08-29
VSA,23,Vận tải - kho bãi,vnstock.Listing().symbols_by_industries() (ICB); vnstock 4.0.5,2026-08-29
VSC,23,Vận tải - kho bãi,vnstock.Listing().symbols_by_industries() (ICB); vnstock 4.0.5,2026-08-29
VSM,23,Vận tải - kho bãi,vnstock.Listing().symbols_by_industries() (ICB); vnstock 4.0.5,2026-08-29
VTO,23,Vận tải - kho bãi,vnstock.Listing().symbols_by_industries() (ICB); vnstock 4.0.5,2026-08-29
VTP,23,Vận tải - kho bãi,vnstock.Listing().symbols_by_industries() (ICB); vnstock 4.0.5,2026-08-29
WCS,23,Vận tải - kho bãi,vnstock.Listing().symbols_by_industries() (ICB); vnstock 4.0.5,2026-08-29
CJC,15,"SX Thiết bị, máy móc",vnstock.Listing().symbols_by_industries() (ICB); vnstock 4.0.5,2026-08-29
CTB,15,"SX Thiết bị, máy móc",vnstock.Listing().symbols_by_industries() (ICB); vnstock 4.0.5,2026-08-29
CTT,15,"SX Thiết bị, máy móc",vnstock.Listing().symbols_by_industries() (ICB); vnstock 4.0.5,2026-08-29
NAG,15,"SX Thiết bị, máy móc",vnstock.Listing().symbols_by_industries() (ICB); vnstock 4.0.5,2026-08-29
NHH,15,"SX Thiết bị, máy móc",vnstock.Listing().symbols_by_industries() (ICB); vnstock 4.0.5,2026-08-29
QHD,15,"SX Thiết bị, máy móc",vnstock.Listing().symbols_by_industries() (ICB); vnstock 4.0.5,2026-08-29
SBG,15,"SX Thiết bị, máy móc",vnstock.Listing().symbols_by_industries() (ICB); vnstock 4.0.5,2026-08-29
SHE,15,"SX Thiết bị, máy móc",vnstock.Listing().symbols_by_industries() (ICB); vnstock 4.0.5,2026-08-29
BRC,17,Sản phẩm cao su,vnstock.Listing().symbols_by_industries() (ICB); vnstock 4.0.5,2026-08-29
CSM,17,Sản phẩm cao su,vnstock.Listing().symbols_by_industries() (ICB); vnstock 4.0.5,2026-08-29
DRC,17,Sản phẩm cao su,vnstock.Listing().symbols_by_industries() (ICB); vnstock 4.0.5,2026-08-29
SRC,17,Sản phẩm cao su,vnstock.Listing().symbols_by_industries() (ICB); vnstock 4.0.5,2026-08-29
AAA,18,SX Nhựa - Hóa chất,vnstock.Listing().symbols_by_industries() (ICB); vnstock 4.0.5,2026-08-29
ABS,18,SX Nhựa - Hóa chất,vnstock.Listing().symbols_by_industries() (ICB); vnstock 4.0.5,2026-08-29
ADP,18,SX Nhựa - Hóa chất,vnstock.Listing().symbols_by_industries() (ICB); vnstock 4.0.5,2026-08-29
ALT,18,SX Nhựa - Hóa chất,vnstock.Listing().symbols_by_industries() (ICB); vnstock 4.0.5,2026-08-29
APH,18,SX Nhựa - Hóa chất,vnstock.Listing().symbols_by_industries() (ICB); vnstock 4.0.5,2026-08-29
BBS,18,SX Nhựa - Hóa chất,vnstock.Listing().symbols_by_industries() (ICB); vnstock 4.0.5,2026-08-29
BFC,18,SX Nhựa - Hóa chất,vnstock.Listing().symbols_by_industries() (ICB); vnstock 4.0.5,2026-08-29
BMP,18,SX Nhựa - Hóa chất,vnstock.Listing().symbols_by_industries() (ICB); vnstock 4.0.5,2026-08-29
BPC,18,SX Nhựa - Hóa chất,vnstock.Listing().symbols_by_industries() (ICB); vnstock 4.0.5,2026-08-29
BXH,18,SX Nhựa - Hóa chất,vnstock.Listing().symbols_by_industries() (ICB); vnstock 4.0.5,2026-08-29
CPC,18,SX Nhựa - Hóa chất,vnstock.Listing().symbols_by_industries() (ICB); vnstock 4.0.5,2026-08-29
CSV,18,SX Nhựa - Hóa chất,vnstock.Listing().symbols_by_industries() (ICB); vnstock 4.0.5,2026-08-29
DCM,18,SX Nhựa - Hóa chất,vnstock.Listing().symbols_by_industries() (ICB); vnstock 4.0.5,2026-08-29
DGC,18,SX Nhựa - Hóa chất,vnstock.Listing().symbols_by_industries() (ICB); vnstock 4.0.5,2026-08-29
DNP,18,SX Nhựa - Hóa chất,vnstock.Listing().symbols_by_industries() (ICB); vnstock 4.0.5,2026-08-29
DPM,18,SX Nhựa - Hóa chất,vnstock.Listing().symbols_by_industries() (ICB); vnstock 4.0.5,2026-08-29
DPR,18,SX Nhựa - Hóa chất,vnstock.Listing().symbols_by_industries() (ICB); vnstock 4.0.5,2026-08-29
DTT,18,SX Nhựa - Hóa chất,vnstock.Listing().symbols_by_industries() (ICB); vnstock 4.0.5,2026-08-29
GVR,18,SX Nhựa - Hóa chất,vnstock.Listing().symbols_by_industries() (ICB); vnstock 4.0.5,2026-08-29
HCD,18,SX Nhựa - Hóa chất,vnstock.Listing().symbols_by_industries() (ICB); vnstock 4.0.5,2026-08-29
HDA,18,SX Nhựa - Hóa chất,vnstock.Listing().symbols_by_industries() (ICB); vnstock 4.0.5,2026-08-29
HII,18,SX Nhựa - Hóa chất,vnstock.Listing().symbols_by_industries() (ICB); vnstock 4.0.5,2026-08-29
HRC,18,SX Nhựa - Hóa chất,vnstock.Listing().symbols_by_industries() (ICB); vnstock 4.0.5,2026-08-29
HVT,18,SX Nhựa - Hóa chất,vnstock.Listing().symbols_by_industries() (ICB); vnstock 4.0.5,2026-08-29
LAS,18,SX Nhựa - Hóa chất,vnstock.Listing().symbols_by_industries() (ICB); vnstock 4.0.5,2026-08-29
LIX,18,SX Nhựa - Hóa chất,vnstock.Listing().symbols_by_industries() (ICB); vnstock 4.0.5,2026-08-29
NET,18,SX Nhựa - Hóa chất,vnstock.Listing().symbols_by_industries() (ICB); vnstock 4.0.5,2026-08-29
NFC,18,SX Nhựa - Hóa chất,vnstock.Listing().symbols_by_industries() (ICB); vnstock 4.0.5,2026-08-29
NTP,18,SX Nhựa - Hóa chất,vnstock.Listing().symbols_by_industries() (ICB); vnstock 4.0.5,2026-08-29
PBP,18,SX Nhựa - Hóa chất,vnstock.Listing().symbols_by_industries() (ICB); vnstock 4.0.5,2026-08-29
PCE,18,SX Nhựa - Hóa chất,vnstock.Listing().symbols_by_industries() (ICB); vnstock 4.0.5,2026-08-29
PCH,18,SX Nhựa - Hóa chất,vnstock.Listing().symbols_by_industries() (ICB); vnstock 4.0.5,2026-08-29
PGN,18,SX Nhựa - Hóa chất,vnstock.Listing().symbols_by_industries() (ICB); vnstock 4.0.5,2026-08-29
PHR,18,SX Nhựa - Hóa chất,vnstock.Listing().symbols_by_industries() (ICB); vnstock 4.0.5,2026-08-29
PLP,18,SX Nhựa - Hóa chất,vnstock.Listing().symbols_by_industries() (ICB); vnstock 4.0.5,2026-08-29
PMB,18,SX Nhựa - Hóa chất,vnstock.Listing().symbols_by_industries() (ICB); vnstock 4.0.5,2026-08-29
PMP,18,SX Nhựa - Hóa chất,vnstock.Listing().symbols_by_industries() (ICB); vnstock 4.0.5,2026-08-29
PSW,18,SX Nhựa - Hóa chất,vnstock.Listing().symbols_by_industries() (ICB); vnstock 4.0.5,2026-08-29
SDG,18,SX Nhựa - Hóa chất,vnstock.Listing().symbols_by_industries() (ICB); vnstock 4.0.5,2026-08-29
SDN,18,SX Nhựa - Hóa chất,vnstock.Listing().symbols_by_industries() (ICB); vnstock 4.0.5,2026-08-29
SFG,18,SX Nhựa - Hóa chất,vnstock.Listing().symbols_by_industries() (ICB); vnstock 4.0.5,2026-08-29
SFN,18,SX Nhựa - Hóa chất,vnstock.Listing().symbols_by_industries() (ICB); vnstock 4.0.5,2026-08-29
SPC,18,SX Nhựa - Hóa chất,vnstock.Listing().symbols_by_industries() (ICB); vnstock 4.0.5,2026-08-29
STP,18,SX Nhựa - Hóa chất,vnstock.Listing().symbols_by_industries() (ICB); vnstock 4.0.5,2026-08-29
TDP,18,SX Nhựa - Hóa chất,vnstock.Listing().symbols_by_industries() (ICB); vnstock 4.0.5,2026-08-29
TNC,18,SX Nhựa - Hóa chất,vnstock.Listing().symbols_by_industries() (ICB); vnstock 4.0.5,2026-08-29
TPC,18,SX Nhựa - Hóa chất,vnstock.Listing().symbols_by_industries() (ICB); vnstock 4.0.5,2026-08-29
TPP,18,SX Nhựa - Hóa chất,vnstock.Listing().symbols_by_industries() (ICB); vnstock 4.0.5,2026-08-29
TRC,18,SX Nhựa - Hóa chất,vnstock.Listing().symbols_by_industries() (ICB); vnstock 4.0.5,2026-08-29
VBC,18,SX Nhựa - Hóa chất,vnstock.Listing().symbols_by_industries() (ICB); vnstock 4.0.5,2026-08-29
VPS,18,SX Nhựa - Hóa chất,vnstock.Listing().symbols_by_industries() (ICB); vnstock 4.0.5,2026-08-29
VTZ,18,SX Nhựa - Hóa chất,vnstock.Listing().symbols_by_industries() (ICB); vnstock 4.0.5,2026-08-29
IPA,29,Tài chính khác,vnstock.Listing().symbols_by_industries() (ICB); vnstock 4.0.5,2026-08-29
OGC,29,Tài chính khác,vnstock.Listing().symbols_by_industries() (ICB); vnstock 4.0.5,2026-08-29
TVC,29,Tài chính khác,vnstock.Listing().symbols_by_industries() (ICB); vnstock 4.0.5,2026-08-29
DAH,25,"Dịch vụ lưu trú, ăn uống, giải trí",vnstock.Listing().symbols_by_industries() (ICB); vnstock 4.0.5,2026-08-29
DSN,25,"Dịch vụ lưu trú, ăn uống, giải trí",vnstock.Listing().symbols_by_industries() (ICB); vnstock 4.0.5,2026-08-29
NVT,25,"Dịch vụ lưu trú, ăn uống, giải trí",vnstock.Listing().symbols_by_industries() (ICB); vnstock 4.0.5,2026-08-29
OCH,25,"Dịch vụ lưu trú, ăn uống, giải trí",vnstock.Listing().symbols_by_industries() (ICB); vnstock 4.0.5,2026-08-29
SGH,25,"Dịch vụ lưu trú, ăn uống, giải trí",vnstock.Listing().symbols_by_industries() (ICB); vnstock 4.0.5,2026-08-29
TTT,25,"Dịch vụ lưu trú, ăn uống, giải trí",vnstock.Listing().symbols_by_industries() (ICB); vnstock 4.0.5,2026-08-29
VNG,25,"Dịch vụ lưu trú, ăn uống, giải trí",vnstock.Listing().symbols_by_industries() (ICB); vnstock 4.0.5,2026-08-29
VPL,25,"Dịch vụ lưu trú, ăn uống, giải trí",vnstock.Listing().symbols_by_industries() (ICB); vnstock 4.0.5,2026-08-29
